r,General Category,Primary Access Models,Skills Required,Target Audience,Membership Entry,Material Cost,Materials Needed (bring your own design/materials),Technologies,Business Structure,Business Model,GTA Area,Address,Postal Code,Phone Number,Email Address,Potential Classification,Technology (Alphabetical),Notes,Link
,,,,,,,,,,,,,,,,,,,
Hazel McCallion Central Library,Library,"Multiple:, Appointment Based, Walk In",Training Offered,Public,No Membership,Cost Per Materials Used ,Materials Provided,"Digital Fabrication, Textile Work, A/V Equipment, Woodwork Machinery, Microelectronics, Software, Dedicated Computers",Government,Non-profit,Mississauga,301 Burnhamthorpe Road West,"L5B 3Y3
",905-615-3500,maker@mississauga.ca,Educational,"Cameras
Lights
Green screens 
Audio equipment
Electronic instruments
Computers equipped with Adobe Creative Cloud
Cricut machines
Button makers
Sewing machines
iMacs equipped with Adobe Creative Cloud
3D printers
Laser cutter
Vinyl cutter
Vinyl cutter/printer",,https://www.mississauga.ca/library/locations/hazel-mccallion-central-library/makerspace/
Burnhamthorpe Library,Library,Walk In,None,Non-specific,No Membership,Free Use,No Materials Provided,Dedicated Computers,Public,Non-profit,Mississauga,3650 Dixie Road, L4Y 4H5,905-615-3200,Burnhamthorpe.Library@mississauga.ca,Educational,"iMacs with Adobe Creative Cloud and drawing tablets to explore your creativity
Cameras, lights, green screens and audio equipment to make your own films
A variety of robots to explore robotics and coding
Sewing machines to develop your own designs and repair your own textiles
Button makers and Cricut machines to support your small business, club, or gathering
Digitization equipment to convert your old photos, videos, and DVDs","Burnhamthrope Library is a library that offers a wide range of services and resources to the Mississauga community, focusing on accessibility and inclusivity for all patrons. Free public access; library card required for borrowing and some services. ",https://www.mississauga.ca/library/locations/burnhamthorpe-library/
Courtneypark Library,Library,Walk In,None,Public,Membership Needed,Cost Per Materials Used ,Materials Provided,"Software, Microelectronics, Dedicated Computers, Automated Fabrication, A/V Equipment, Digital Fabrication, Textile Work",Public,Non-profit,Mississauga,730 Courtneypark Drive West,L5W 1L9,905-615-4745,maker@mississauga.ca,Educational,"Audio equipment
Button makers
Computers and iMacs equipped with Adobe Creative Cloud and creative software
Cricut
Digitization equipment and conversion tools
Electronic instruments
Epson Photo Scanner
Sewing machine
Snap Circuits
Squishy Circuits
3D Printers",,https://www.mississauga.ca/library/locations/courtneypark-library/
Malton Library,Library,Walk In,None,Non-specific,No Membership,Free Use,No Materials Provided,Digital Fabrication,Public,Non-profit,Mississauga,3540 Morning Star Drive,L4T 1Y2,905-615-4640,merley.wheaton@mississauga.ca,Educational,"iMacs with Adobe Creative Cloud and drawing tablets to explore your creativity
Cameras, lights, green screen, and audio equipment to make your own films
Sewing machines to develop your own designs and repair your own textiles
Button makers and Cricut machines to support your small business, club, or gathering
Recording studios to write your own songs or work on a podcast
Digitization equipment to convert your old photos, videos, and DVDs","public library that serves the diverse and vibrant nearby communities. It offers a wide range of services and resources, focusing on accessibility and inclusivity for all patrons. ",https://www.mississauga.ca/library/locations/malton-library/
Meadowvale Library,Library,Walk In,None,Public,No Membership,Cost Per Materials Used ,Materials Provided,Software,Public,Non-profit,Mississauga,6655 Glen Erin Drive,L5N 3L4,905-615-4710,maker@mississauga.ca,Educational,"iMacs with Adobe Creative Cloud and drawing tablets to explore your creativity
Cameras, lights and audio equipment to make your own films
Sewing machines to develop your own designs and repair your own textiles
Button makers and Cricut machines to support your small business, club, or gathering
Digitization equipment to convert your old photos, videos, and DVDs",,https://www.mississauga.ca/library/locations/meadowvale-library/
Design With,Pop-up,Multiple:,Training Offered,Public,No Membership,Free Use,Materials Provided,"Automated Fabrication, Woodwork Machinery, Textile Work",Private,Non-profit,City of Toronto,"220 Yonge St, Toronto",M5B 2H1,Website inquiry,"Linkedin, instagram",Boutique,"3D Printers
Embroidery machine
Industrial sewing machine
Serger","- Most technologies and workshops offered fall under the boutique category (sewing, mending, etc.)
- Collaberates with other organizations/schools/makerspaces to hold workshops or to make innovate or interesting products in other makerspace locations. 
- Access mose includes classes, (free) workshops, and appointments",https://www.designwith.ca/history
Brampton Makerspaces at Chinguacousy,Library,Walk In,Training Offered,Public,Membership Needed,Free Use,Materials Provided,"Digital Fabrication, A/V Equipment",Public,Non-profit,Brampton,9050 Bramalea Rd,L6S 6G7,905-793-4636,Website Inquiry https://www.bramptonlibrary.ca/index.php/ask-a-question,Educational,"3D Printers - Lulzbot Mini
Desktop Cutting Machines (for vinyl and paper cutting)
Video and Photo Digitizing Tools 
Button Makers ",,https://www.bramptonlibrary.ca/index.php/library-services/makerspace-brampton
Brampton Makerspaces Four Corners,Library,Walk In,Training Offered,Public,Membership Needed,Free Use,Materials Provided,"A/V Equipment, Digital Fabrication",Public,Non-profit,Brampton,65 Queen Street East,L6W 3L6,905-793-4636,Website Inquiry https://www.bramptonlibrary.ca/index.php/ask-a-question,Educational,"3D Printers - Lulzbot Mini
Desktop Cutting Machines (for vinyl and paper cutting)
Video and Photo Digitizing Tools 
Button Makers ",,https://www.bramptonlibrary.ca/index.php/library-services/makerspace-brampton
Brampton Makerspaces Springdale branches,Library,Walk In,None,Public,Membership Needed,Free Use,Materials Provided,"Digital Fabrication, Textile Work, Automated Fabrication, Software, Dedicated Computers, A/V Equipment",Public,Non-profit,Brampton,10705 Bramalea Road,L6R 0C1,905-793-4636,Website Inquiry https://www.bramptonlibrary.ca/index.php/ask-a-question,Educational,"Button Makers 
Canon 9000F Mark II Scanner 
Cricut Maker 3 
Elgato Video Capture Device (converts analog video from VHS to a high-quality digital file)
VHS-C Cassette Adapter
3D Printers",,
TTL Makerspace ,Business,Class/Workshop Only,Training Offered,Students,Membership Needed,Free Use,Materials Provided,"Woodwork Machinery, Software",Private,Profit,City of Toronto,192 Spadina Ave,M5T 2G7,(647) 715-4767,support@ttlmakerspace.com,Educational,"3D printers, a fleet of Creality Ender 3's
CNC Machine (4×8 foot work area, can cut woods and some plastics)
Full Wood Shop (table saw, jointer, 13″ helical thickness planer, wood lathes, 18"" band saw, miter saw, router, track saw)",,https://makerspace.cobot.me/ & https://ttlmakerspace.com/ 
Site 3 CoLaboratory,Business,Class/Workshop Only,Training Offered,Public,Membership Needed,Free Use,Materials Provided,"Digital Fabrication, Metalwork Machinery, Woodwork Machinery, Microelectronics, Software",Private,Profit,City of Toronto,718R Ossington Ave,M6G 3T7,no phone number,info@site3.ca,Educational,"3D Printing: Elegoo Saturn S 3D Resin Printer, both filament and resin, along with the necessary tools to finish your prints. 60w laser cutter/etcher.
Electronics: Soldering irons, Multimeters, Oscilloscopes, Arduino components, Transformers, and Power supplies
Metalwork: Colchester Lathe with upgraded tool post and a Wells Index milling machine with CNC capabilities.
Welding Shop: MIG (GMAW/FCAW), Stick (SMAW), TIG (GTAW), Plasma cutter and a Metal bandsaw, Blacksmith shop with propane forge, Anvil and various blacksmithing tools.
Woodwork: Table saw, Miter saw station, Drill press, Thickness planer, Jointer, Router table and tons of Clamps",,https://www.site3.ca/
HackLab.to,Community Centre,Multiple:,Training Offered,Public,Membership Needed,Free Use,Materials Provided,Digital Fabrication,Private,Non-profit,City of Toronto,1677 St Clair Ave W,M6N 1H9,Twitter,contact@hacklab.to,Educational,"3D Printers
Arduino and other Microcontroller Development Boards
Autoclave
CNC Machine
Canon compact digital camera
Colour Laser Printer
Desktop Centrifuge
Duplex-Capable B&W Laser Printer
Electronics Bench (soldering stations, multimeters, oscilloscopes, etc.)
Function Generator
Gel Electrophoresis Apparatus
Ham Shack (Amateur Radio Tools)
Laser Cutter (ULS 25-Watt)
LED Pixelboard
MakerBot 3D Printer
Micropipette Set
Microscopes
Multimedia Tools (Projectors, Sound System)
Oscilloscopes
Power Supplies (Benchtop, Pyramid, etc.)
Sewing Machines and Serger
Stirring Hotplate
Thermocyclers
VMWare Server
Vortexer",open to newcomers on tuesday,https://hacklab.to/about/
Paperhouse Studio,Business,Appointment Based,None,Public,Membership Needed,Cost Per Materials Used ,All Materials Provided,Textile Work,Private,Profit,City of Toronto,180 Shaw St unit 102,M6J 2W5,(416) 546-7589,info@paperhousestudio.com,Educational,,experimental arts studio and collective rooted in paper as the medium,https://paperhousestudio.com/
Maker Kids,Community Centre,Class/Workshop Only,Training Offered,Students,No Membership,Free Use,All Materials Provided,"Dedicated Computers, Microelectronics, Software",Private,Profit,City of Toronto,2451 Bloor St W,M6S 1P7,(647) 247-1678,bw@makerkids.com,Educational,"3D printer
Arduinos
Computers
Microbit kits",,https://makerkids.com/
Maker Kids,,,,,,Free Use,,,,,,1661 Bayview Ave,M4G 3C1,(416) 486-6257,leaside@makerkids.com,,,,https://makerkids.com/
Toronto Tool Library,Business,Multiple:,Training Offered,Public,Membership Needed,Cost Per Materials Used ,All Materials Provided,"Textile Work, Woodwork Machinery, Automated Fabrication",Public,Non-profit,City of Toronto,192 Spadina Ave. Unit 001b,M5T 2C2,(437) 419-0773,support@torontotoollibrary.com,Industrial,"Air Compressor 
Air Hammer 
Air Hose 
Air Nailer/ Stapler 
Air Nozzle 
Allen Key 
Angle Grinder 
Aviation Snips 
Back Saw 
Bar Clamp
Belt sander 
Bicyle Pump 
Bike Chain Breaker 
Bike Tire Lever 
Biscuit Joiner 
Bolt Cutter 
Bolt Extractor 
Bow Saw 
Box cutter 
Button Maker 
Calipers 
Carpenter Square 
Caulk Gun 
C-Clamp
Cement Chisel 
Cement Trowel
Chain Whip 
Chakline 
Chisel
Circular Saw 
Clamp
Clothing Streamer 
Combo pex crimp tool 
Concrete Edging Trowel 
Concrete Sidewalk Edger 
Construction Light 
Corner Clamp
Coping Saw 
Crow bar 
Disc Sander 
Dolly 
Drain Remover 
Dremel
Drill
Drill press 
Drywall Hawk 
Drywall Knife
Drywall lift 
Drywall T-square 
Drywall plane 
Ear Hearing protection 
Earth Auger 
Electric leaf blower 
Electric mixer 
Electric planer 
Electric stapler 
Extension Cord 
Extension pole 
Fabric Stretcher 
F-clamp
File 
Flashlight 
Floor Scraper 
Floor cutter 
Folding chair 
Foot Clamp
Garden Hoe
Garden Rake 
Garden Shears 
Garden Shovel 
Hack Saw 
Hand Saw 
Hammer 
Hammer Drill
Hatchet 
Heat gun 
Hedge Trimmer 
High leverage Diagonal Pilers 
Hi-Lift Farm Jack
Hole Saw 
Hot Glue Gun
Ice Scraper 
IM compressor hose 
Impact Driver 
Impact wrench
Inside corner trowel 
Jab saw 
Jigsaw 
Knee pads 
Ladder 
Laser level 
Laminate Countertop Rubber Roller 
Lawn Mower 
Lawn Rake 
Level 
Long tape 
Measuring tape 
Metal Chop Saw 
Mitre box 
Mitre Saw 
Mixer 
Mouse sander 
Multimeter 
Nailer 
Orbit polisher 
Orbital Sander 
Paint Roller
Paint/Varnish Scraper 
Palm Sander 
Patio Stone Tamper 
Pick Axe 
Pipe Cleaner 
Pipe Cutter 
Pipe Clamp 
Pipe Wrench 
Pitchfork 
Plastic Roller tool 
Plunge Router 
Pneunatic Finishing Nailer 
Pocket Hole 
Pointer Trowel 
Post hole digger 
Power Drill
Power planer 
Pressure Washer 
Prong Weeder 
Prong Claw Cultivator 
Prybar 
Putty Knife 
Punch
Quick Clamp
Rasp 
Reciprocating Saw 
Robertson Screwdriver 
Rotary Tool 
Router  
Rubber mallet 
Safety Glasses 
Saw Horse 
Scissors  
Seeder 
Scraper
Sewing Machine 
Screw Remover 
Screw gun
Scroll Saw 
Sheet Palm Grip Sander 
Sheet sander 
Shovel
Skil Table Saw 
Sledge hammer 
Sliding wet tile saw 
Slip-nut wrench 
Slot head screwdriver 
Smoother Spreader 
Soil Tiller 
Soldering Gun 
Soldering Iron 
Speed Square 
Staple gun 
Step drill bit 
Stiff putty knife 
Stud finder 
Suction vice 
Swivel Base Vise 
Table Saw 
Tagging gun 
Tap & Die Set 
Taping knife 
Telescopic extension pole 
Tile Cutter 
Tile Nippers 
Tin Snips 
Thermometer 
Triscanner 
Trowel 
Tool Bench 
Ton cable puller 
Torque Wrench 
Torque Wrench measuring dial 
Tube Cutter 
Tuck Pointer Trowel 
Vise Crip Bar Clamp 
Wallpaper Scraper 
Weed eater string trimmer 
Welding helmet 
Wet/dry hepa vac
Wet dry vacuum
Wet Tile saw 
Wheelbarrow 
Window and Seren Repair tool 
Wire Brush 
Wire Stripper 
Wrench 
Wood Chisel 
Wood Rasp and file 
3 way Allen key 
6 in 1 tool 
18v Battery 
60-piece SAE and Metric Tap and Die Set
73 Piece Socket Set





","There are many more tools available on the website such as different companies, size, and variation.
This is actually not a makerspace, The Toronto Tool Library is just a place where you can rent out equipment and tool. They have a seperate makerspce where you can use these equipment in their makerspce which is the TTL makerspace.  ",https://torontotoollibrary.com/
MAKO Design + Invent,Business,Appointment Based,Training Offered,Public,No Membership,Cost Per Materials Used ,Materials Provided,,Public,Profit,City of Toronto,213 Sterling Rd Suite 101,M6R 2B2,(416) 855-1137,Website inquiry,Industrial,N/A,"The website advertises end-to-end product development services, but does not list the specific technology available. However, since they are a product development firm with no specific field of expertise, one can assume that they have a vast amount of tools that can aid with any project, design, or idea. They also provide patent referrals.",https://www.makodesign.com/
prototyping spaces at the Schwartz-Reisman Innovation Campus - West Tower FOUR,University/College,Class/Workshop Bookable,Training Offered,Non-specific,No Membership,Free Use,Materials Provided,A/V Equipment,Public,Non-profit,City of Toronto,"108 College Street, to open in fall",M5G 0C6,,entrepreneurship.artsci@utoronto.ca,Educational,"Fused Filament Fabrication, Resin 3D printers, Laser Cutter, Vacuum Former, solder, rework stations, multimeters, oscilloscopes, 3D scanner, refigerators/freezers, kitchen utensils, oven/stove, cookware, sewing maching, Cricut, heat press, hand tools, small power tools, AV equipment (loan)","As this makerspace isn't open yet, there isn't much extra info.",https://www.entrepreneurship.artsci.utoronto.ca/prototyping-makerspace#prototype-labs-accordion-4
RCC 194 TMU Maker Space,University/College,"Walk In, Class/Workshop Only",Training Offered,Students,Membership Needed,Free Use,Materials Provided,"Textile Work, Metalwork Machinery, Dedicated Computers, Digital Fabrication",Private,Non-profit,City of Toronto,80 Gould St,M5B 2M7,(416) 979-5000 (general line),"rta@torontomu.ca (general, email gets forwarded to specific staff to best help)",Educational,"3D Printing, 3D scanning, soldering and other metalwork tools, printers, macbooks, sewing and crafts materials and tools, project storage, modular tables each with an outlet","The makerspace was difficult to locate, and only accessible with a TMU student ID. It is meant for students in the New Media Program, classes will be hosted there, though other TMU students are welcome to visit. It is open 24/7 but there are specific day hours where staff will be available to teach and assist (Monday to Friday 8AM-4:30PM).",https://www.torontomu.ca/rta/facilitiesequipment/facilities-makerspace/
KMDI Makerspace,University/College,Walk In,Training Offered,"Public, Designers, Students, Researchers",No Membership,Free Use,Materials Provided,"Digital Fabrication, Textile Work, A/V Equipment, Automated Fabrication, Microelectronics, Metalwork Machinery, Software, Dedicated Computers",Public,Non-profit,City of Toronto,Currently in the process of relocation and reorganization into the Robarts Library (130 St George St). To open mid- fall semester. Previously in the Bissell Building,M5S 1A5,(416) 978-5634 (general line),"admin.kmdi@utoronto.ca (general, email gets forwarded to specific staff to best help)",Educational,"3D Printing, Electronics, Laser Etching, 3D scanning, laser cutting, electronic prototyping (Arduino, Raspberry Pi, MakeyMakey), soldering, sewing, digital embroidery, Virtual Reality, Bamboo printers (potentially more, to be considered). ","Focuses on learning, research, and prototyping. Most common visitors are graduate students and faculty within the Masters of Information, though it is also open to the public. There are staff hours (specifics are currently being considered) where technicians and staff are available to assist beginners. They are considering a focus on technologies for research purposes (Adaptive gaming gear, accessibility, VR, UX, and adaptive research).",https://kmdi.utoronto.ca/labs/makerspace/
STEAM Labs,Business,Class/Workshop Bookable,Training Offered,Students,No Membership,Cost Per Materials Used ,All Materials Provided,Software,Private,Non-profit,City of Toronto,192 Spadina Ave #001,M5T 2C2,1-647-490-4659,info@steamlabs.ca,Educational,"Micro:bit (makecode), Servo Motor Kit, Neopixel Grid, Neopixel Ring Kit, Fairy Lights Kit","The non-for-profit organization focuses on helping people to understand and think critically of leading-edge science and technology for them to be able to employ the tools in their lives in addition to being knowledgeable and proactive participants in the discussions we must have as a society ensuring they are deployed with fairness, accountability, trust and ethics. As such, it provides educators with teaching kits which contain written instructions, videos, and applications (on a variety of different topics including but not limited to artificial intelligence and internet of things) as well as classes/workshops/pop-ups for students of different ages where they teach them how to make use of technologies such as micro:bit.",https://steamlabs.ca/
ROM Makerspace,Museum,Appointment Based,Training Offered,Students,No Membership,Free Use,Materials Provided,"Digital Fabrication, Dedicated Computers",Public,Non-profit,City of Toronto,"100 Queen’s Park, Toronto",M5S 2C6,416.586.8000,romlearning@rom.on.ca,Educational,"3D printing, coding, and digital storytelling","First, the main purpose of ROM Makerspace is to support education, research and cultural preservation. It provides resources and tools for creating and experimenting with new technologies and engaging the community in museum-related projects. Second, it provides a better experience for the ROM museum, where visitors can also interact with and learn about history while visiting.",https://www.rom.on.ca/en/learn/makerspace
GTA Woodworks,,,,,,,,,,,,123 Hillsview Dr,L4C 1T3,,Websity inquiry,,"Laser Cutter with a 24″ x 36″ bed
3D Printers (PLA and ABS filaments)
Oscilloscopes
Soldering Tools
Amateur Radio Gear
& More!","owned or lended to us by members, so we regularly add new gear.",https://www.ylab.ca/
GTA Woodworks,Business,Appointment Based,Training Offered,Designers,No Membership,Free Use,Materials Provided,Woodwork Machinery,Private,Profit,City of Toronto,"15 Kainona Ave, Toronto, ON ",M3H 3H4,416-706-7711,jeff@GTAWoodWorks.com,Educational,"10″ Table Saw w/ Dado Stack
12″ Compound Sliding Mitre Saw
14″ Bandsaw
Circle Saw
Reciprocating Saw
Multi Tool
6″ Jointer
13″ Planer
Trim Router
5″ Orbital Sander
6″ Orbital Sander
Belt and Spinal Sander
Mini Drill and Impact Driver
Cordless Drill
Drill Press",A mix of appointments to use the provided tools and get help from the owner and classes that teach different parts of wood working.,https://www.gtawoodworks.com/
TPL Digital Innovation Hub Agincourt,Library,,,,,,,,,,,"155 Bonis Avenue, Main floor",M1T 3W6,416-396-3717,aginnovationhub@tpl.ca,,,,https://www.torontopubliclibrary.ca/using-the-library/computer-services/innovation-spaces/
TPL Digital Innovation Hub Albert Campbell,Library,Walk In,Training Offered,Public,Membership Needed,Cost Per Materials Used ,Materials Provided,"Dedicated Computers, Software, A/V Equipment, Digital Fabrication, Microelectronics",Public,Non-profit,City of Toronto,"496 Birchmount Road, Second floor",M1K 1N8,416-396-8958,acdinnovationhub@tpl.ca,Educational,"24” iMacs with M1 processor, 16 GB RAM (Albert Campbell Branch and York Woods Branch)
Ableton Live Suite
Adobe Creative Cloud 2023
Arduino Kits
Autodesk Fusion 360
Canon DSLR Camera
Canon HD Video Camera
DaVinci Resolve
Dynamic and Condenser microphones
Embroidery machine
External USB Blu-ray drive
Final Cut Pro
Logic Pro
LED Light Panels
Mac Studios with M2 Max processor, 32 GB RAM and 27"" monitors
MIDI keyboard
PCs with i5 processor, 32 GB of RAM and NVIDIA GeForce RTX 3060 12GB video card
Prusa MK3S+ 3D Printers
Raspberry Pi Kits
Reaper
Sewing machines
USB audio interface
Vinyl printer/cutter
Visual Studio Code
Wacom Cintiq graphic tablets
ZBrush Core Mini","To use equipment, talk to staff at a Digital Innovation Hub.
                • A valid Toronto Public Library card is required.
                • You will need to complete and sign an equipment loan form before you can check out equipment. Customers under the age of 18 need to have the form signed by their parent or guardian in person.
                • Equipment can be checked out for up to two hours and renewed only if available.
Full replacement cost is charged for lost or damaged equipment.",https://www.torontopubliclibrary.ca/albertcampbell/
TPL Digital Innovation Hub Albion,Library,Walk In,Training Offered,Public,Membership Needed,Cost Per Materials Used ,Materials Provided,"Dedicated Computers, Software, Microelectronics, A/V Equipment, Digital Fabrication",Public,Non-profit,City of Toronto,"1515 Albion Road, Main floor",M9V 1B2,416-394-5184,abinnovationhub@tpl.ca,Educational,"Ableton Live Suite
Adobe Creative Cloud 2023
Arduino Kits
Autodesk Fusion 360
Canon DSLR Camera
Canon HD Video Camera
DaVinci Resolve
Dynamic and Condenser microphones
Embroidery machine
External USB Blu-ray drive
Final Cut Pro
Logic Pro
LED Light Panels
Mac Studios with M2 Max processor, 32 GB RAM and 27"" monitors
MIDI keyboard
PCs with i5 processor, 32 GB of RAM and NVIDIA GeForce RTX 3060 12GB video card
Prusa MK3S+ 3D Printers
Raspberry Pi Kits
Reaper
Sewing machines
USB audio interface
Vinyl printer/cutter
Visual Studio Code
Wacom Cintiq graphic tablets
ZBrush Core Mini","To use equipment, talk to staff at a Digital Innovation Hub.
                • A valid Toronto Public Library card is required.
                • You will need to complete and sign an equipment loan form before you can check out equipment. Customers under the age of 18 need to have the form signed by their parent or guardian in person.
                • Equipment can be checked out for up to two hours and renewed only if available.
Full replacement cost is charged for lost or damaged equipment.","https://www.torontopubliclibrary.ca/albion/, https://www.torontopubliclibrary.ca/using-the-library/computer-services/innovation-spaces/"
TPL Digital Innovation Hub Downsview,,Walk In,,,,,,,,,,"2793 Keele Street, Main floor",M3M 2G3,416-395-5657,doinnovationhub@tpl.ca,,,,
TPL Digital Innovation Hub Fort York,Library,Walk In,Training Offered,Public,Membership Needed,Cost Per Materials Used ,Materials Provided,Digital Fabrication,Public,Non-profit,City of Toronto,"190 Fort York Boulevard, Second floor",M5V 0E7,416-393-6203,foinnovationhub@tpl.ca,Educational,"The TPL Digital Innovation Hub provides the following technology:
3D Design and Printing: Includes Prusa MK3S+ 3D Printers, Autodesk Fusion 360, and ZBrush Core Mini.
Audio Recording: Features Logic Pro, Ableton Live Suite, Reaper, microphones, USB audio interfaces, and MIDI keyboards.Coding: Offers Arduino Kits, Raspberry Pi Kits, and Visual Studio Code.
Fabrication: Provides sewing machines, an embroidery machine, and a vinyl printer/cutter.
Graphic Design: Includes Wacom Cintiq tablets and Adobe Creative Cloud 2023.
Video Recording: Available tools include Final Cut Pro, DaVinci Resolve, Canon cameras, green screens, and LED light panels.
","TPL Digital Innovation Hub offers various 3D printers like Ultimaker, Original Prusa, Tevo, and Prusa MK3S+, as well as Canon HD and DSLR cameras, dynamic and condenser microphones, vinyl printers/cutters, and MIDI keyboards.",https://www.ocadu.ca/services/studios/experimental-fabrication-studio
TPL Digital Innovation Hub North York Central Library,Library,Walk In,Training Offered,Public,Membership Needed,Cost Per Materials Used ,All Materials Provided,Digital Fabrication,Public,Non-profit,City of Toronto,"5120 Yonge Street, Second floor",M2N 5N9,416-395-5646,clinnovationhub@tpl.ca,Educational,"Ableton Live Suite, Adobe Creative Cloud 2023, Arduino Kits, Autodesk Fusion 360, Bliss Model A Fabric Cutter, Brother Persona PRS100 embroidery machine, Button Maker, Canon DSLR Camera, Canon HD Video Camera, DaVinci Resolve, Dynamic and Condenser microphones, Final Cut Pro, LED Light Panels, Logic Pro, Mac Studios with M2 Max processor, 32 GB RAM and 27"" monitors, MIDI keyboard, PCs with i5 processor, 32 GB of RAM and NVIDIA GeForce RTX 3060 12GB video card, Prusa MK3S+ 3D Printers, Raspberry Pi Kits, Reaper, Sewing machines, The Hotronix Auto Clam Heat Press, USB audio interface, Vinyl printer/cutter, Visual Studio Code, Wacom Cintiq graphic tablets, ZBrush Core Mini, Zoom H4N Pro portable digital audio recorder",,"https://www.torontopubliclibrary.ca/northyorkcentral/, https://www.torontopubliclibrary.ca/using-the-library/computer-services/innovation-spaces/digital-innovation-hubs.jsp"
TPL Digital Innovation Hub Richview,Library,Walk In,Training Offered,Public,Membership Needed,Cost Per Materials Used ,Materials Provided,Digital Fabrication,Public,Non-profit,City of Toronto,"1806 Islington Avenue, Second floor",M9P 3N3,416-394-5151,riinnovationhub@tpl.ca,Educational,"3D Design and Printing
Autodesk Fusion 360
Prusa MK3S+ 3D Printers
ZBrush Core Mini
Audio Recording
Ableton Live Suite
Audio Recording Kits (available for borrowing)
Dynamic and Condenser microphones
Logic Pro
MIDI keyboard
Reaper
USB audio interface
Coding
Arduino Kits (available for borrowing)
Raspberry Pi Kits (available for borrowing)
Visual Studio Code
Fabrication (Fabrication Studio only)
Embroidery machine
Sewing machines
Vinyl printer/cutter
Graphic Design
Adobe Creative Cloud 2023
Wacom Cintiq graphic tablets
Video Recording
Canon DSLR Camera
Canon HD Video Camera
DaVinci Resolve
Final Cut Pro
LED Light Panels
Studio microphones
Studio green screen",,https://www.torontopubliclibrary.ca/richview/
TPL Digital Innovation Hub Scarborough Civic Centre,Library,Walk In,Training Offered,Public,Membership Needed,Free Use,Materials Provided,Digital Fabrication,Public,Non-profit,City of Toronto,"156 Borough Drive, Main floor",M1P 4N7,416-396-3623,scinnovationhub@tpl.ca,Educational,"3D Printers
Adobe Creative Cloud
Audio Recording & Editing
Coding Stations
Digital Conversion Equipment
Green Screen
Photo and Document Scanners
Robotics Kits
Sewing Equipment
Video Recording & Editing",,https://www.torontopubliclibrary.ca/scarborough/
TPL Digital Innovation Hub Toronto Reference Library,Library,Walk In,None,Public,Membership Needed,Free Use,All Materials Provided,"Digital Fabrication, A/V Equipment, Software, Automated Fabrication",Public,Non-profit,City of Toronto,"789 Yonge Street, Main floor",M4W 2G8,416-393-7007,trlinnovationhub@tpl.ca,Educational,"3D Design and Printing
- Autodesk Fusion 360
- Prusa MK3S+ 3D Printers
- ZBrush Core Mini
Audio Recording 
- Ableton Live Suite
- Dynamic and Condenser microphones
- Logic Pro
- MIDI keyboard
- Reaper
- USB audio interface
Carbon Dioxide monitor 
Coding 
- Arduino Kits
- Raspberry Pi Kits
- Visual Studio Code
Graphic Design 
- Adobe Creative Cloud 2023 (To use the Adobe Creative Cloud Suite of software a free Adobe ID Account is required which includes 2 GB of cloud storage)
- Wacom Cintiq graphic tablets
Video Recording 
- Canon HD Video Camera
- Canon DSLR Camera
- DaVinci Resolve
- DSLR Camera (including tripods, cables)
- Final Cut Pro
- Green screen/Green wall
- Headphones
- LED Light Panels
- Microphones
- Microphone Stands and Cables
- MIDI Interfaces
- Studio speakers
- USB Audio Interface
- Video Camera (including tripods, cables)","They have kits you can borrow and take home:
- Arduino Kits
- Audio Recording Kits
- Raspberry Pi Kits",https://www.torontopubliclibrary.ca/using-the-library/computer-services/innovation-spaces/
TPL Digital Innovation Hub York Woods,Library,Walk In,None,Public,Membership Needed,Free Use,All Materials Provided,Digital Fabrication,Public,Non-profit,City of Toronto,"1785 Finch Avenue West, Main floor",M3N 1M6,416-395-5981,ywinnovationhub@tpl.ca,Educational,"- 3D Printers 
- Audio Visual Studios
- Computers including featured software
- Tech kits including Arduino kits, audio recording kits, and raspberry pi kits",,https://www.torontopubliclibrary.ca/using-the-library/computer-services/innovation-spaces/digital-innovation-hubs.jsp
The Maker Bean,Community Centre,Appointment Based,Training Offered,Public,No Membership,Cost Per Materials Used ,Materials Provided,"Digital Fabrication, Woodwork Machinery",Public,Profit,City of Toronto,1052 Bloor St. West,M6H 1M3,647-346-2326,info@themakerbean.com,Educational,"- 3D design and printing
- Laser Cutting
- Robotics & Science
","Local coffee & tea, snacks and food, together with 3D printing, laser cutting and workshop",https://themakerbean.com/
Inter/Access,Museum,Walk In,None,Public,Membership Needed,Cost Per Materials Used ,No Materials Provided,Digital Fabrication,Public,Non-profit,City of Toronto,"950 Dupont St., Unit 1.",M6H 1Z2,416.532.0597,Website staff specific emails,,,,https://interaccess.org/
Sprouts Makerspace,Community Centre,Class/Workshop Bookable,None,Students,No Membership,Cost Per Materials Used ,All Materials Provided,Microelectronics,Private,Profit,City of Toronto,388 Carlaw Ave. Unit 101A,M4M 2T4,416-840-9718,info@sproutsmakerspace.ca,,,,https://www.sproutsmakerspace.ca/
Riverdale Collegiate Institute Makerspace,Public School,Class/Workshop Bookable,Training Offered,Students,No Membership,Cost Per Materials Used ,All Materials Provided,Microelectronics,Public,Non-profit,City of Toronto,1094 Gerrard St E,M4M 2A1,(416) 393-9820,Riverdale@tdsb.on.ca,Educational,-3D Printers                                                                           -Computer Stations                                                                    -Electronic Kits                                                                         -Laser Cutter ,,https://schoolweb.tdsb.on.ca/riverdale/Subject-Areas/Library-Learning-Commons/Incubator-maker-zone
High Park Alternative Junior School Maker Cart,Public School,Multiple:,Training Offered,Specified Other,No Membership,Free Use,Materials Provided,Microelectronics,Public,Non-profit,City of Toronto,265 Annette St,M6P 1R3,(416) 393-9050,HPAS Parent Facebook Group EmailHighPark@tdsb.on.ca,Educational,"1 Viewmaster VR Viewer 
2 rolls copper conductive tape
100 various colour LED bulbs
10 sew-able button battery holders for wearables
100 light flush mount LED light strip
3 mixed Snap Circuit sets
1 spool conductive thread
3 Makey Makey Classics 
Make Do Kits
I Little Bits Gizmos and Gadgets Kit
1 Little Bits Deluxe Kit
Dash and dot",,https://schoolweb.tdsb.on.ca/highparkalt/Parents/Maker-Cart
SATEC @ W A Porter Collegiate Institute,Public School,Class/Workshop Only,Training Required,Students,,,Materials Provided,,,,,"40 Fairfax Cres, Scarborough",M1L 1Z9,(416) 396-3365,SATEC@tdsb.on.ca,Educational,,,https://schoolweb.tdsb.on.ca/satec/Departments/Technology/TDJ-Technological-Design
Central Technical School,Public School,Multiple:,None,Students,No Membership,Free Use,Materials Provided,Dedicated Computers,Public,Non-profit,City of Toronto,725 Bathurst St,M5S 2R5,(416) 393-0060,centraltechnicalschool@tdsb.on.ca,Educational,"Ceramics studio equipped with 10 potter’s wheels
Drawing and painting studios (all equipped with north-facing skylights) for traditional skill development such as life-drawing, still-life rendering, perspective, as well as more contemporary creative approaches
Photography studio with darkroom for traditional film processing and printing
Printmaking studio with lithography and etching presses, screen printing, and an industry standard ventilation system
Sculpture studio (one of the largest in Toronto) with areas for life modeling, casting, carving, as well as a fabrication pit for construction and welding
Bronze foundry (the only one in a secondary school in Canada)
Computer lab (dedicated for visual art students) fully equipped with large scale colour printers, 3D printer, and upgraded computers that are designed for digital animation, photography, and video editing
Kiln room (largest in TDSB)",,https://schoolweb.tdsb.on.ca/centraltechnicalschool/Programs/Specialized-Programs/Art-Program-Specialized
Quest Alternative Senior School,Public School,Walk In,Training Offered,Students,No Membership,Cost Per Materials Used ,Materials Provided,"Dedicated Computers, Software, Digital Fabrication, A/V Equipment, Microelectronics",Public,Non-profit,City of Toronto,25 Bain Ave,M4K 1E5,(416) 393-9430,Quest@tdsb.on.ca,Educational,"3D Printing
Digital Video Editing
Robotics
Software",,https://www.tdsb.on.ca/Find-your/Schools/schno/5330
NewMakeIt,Community Centre,Class/Workshop Bookable,Training Offered,Specified Other,Membership Needed,Cost Per Materials Used ,All Materials Provided,"Woodwork Machinery, Digital Fabrication, Metalwork Machinery",Public,Non-profit,Newmarket,621 Timothy Street,L3Y 1R3,(289) 841-1270,info@yorkregionmakers.com,Educational,"1. 3D Printing
2. Arts (Acrylic, Oil painting and watercolour)
3. Blacksmithing
4. CAD / CAM
5. CNC Milling
6. CNC Routing (CNC Machinery)
7. Digital fabrication
8. Jewelery
9. Laser Cutting / Etching (two Epilog Lasers for our members to use)
10. Pottery (6 professional pottery wheels, plaster wedging stations, damp and dry closets, hand building table, wheel and hand building tools, a selection of our studio glazes, a wash station, member clay storage, reclaiming buckets as well as reclaim tables and even a professional slab roller)
11. Welding (metal lathe, mill / drill, belt grinder and band saw)
12. Woodworking (chop saw, table saw, router table, CNC, bandsaw, lathe and belt sanders)",,https://www.newmakeit.com/
NewMakeIt: The Maker's Mark,Business,Class/Workshop Bookable,Training Offered,Specified Other,Membership Needed,No Materials,No Materials Provided,"Woodwork Machinery, Metalwork Machinery, Digital Fabrication",Public,Profit,Newmarket,16655 Yonge St Unit 19 & 20,L3X 1V9,(289) 841-1270,info@themakersmark.ca,Boutique,"1. 3D Printing
2. AXYZ CNC Router
3. Digital Fabrication
4. laser cutter/engraver
5. Pottery Studio
6. printer/scanner
7. Tormach CNC Mill",,https://www.newmakeit.com/
RE:style studio,,Appointment Based,,,,,,,,,,"19 WATERMAN AVE, ENTRANCE + PARKING ON CRANFIELD RD.",M4B 1Y2,647.794.4662,info@restylestudiotoronto.com,,,,https://www.restylestudiotoronto.com/about-v
Markham Public Library Cornell Library Kids Makerspace,Library,Appointment Based,None,Students,Membership Needed,Free Use,Materials Provided,"Microelectronics, Software",Public,Non-profit,Markham,3201 Bur Oak Avenue,L6B 0T2,(905) 513-7977 ext. 3460,mplchats@markham.library.on.ca,Educational,"STEAM Activities:
Giant Octoplay
Giant Playstix
KAPLA Blocks
LEGO Education: STEAM Park Set
Light Table
Marble Runs
Rigamajig Building Kit 

Maker Kits:
Botley the Robot
Code-a-pillar
Coding Critters
Cubetto
Edison Robot
K’NEX Building Sets
Kid K’NEX Education Set
Lil’ Engineers: Construction Engineering Blocks
Robot Mouse","Only in-library use, you cannot book online.",https://markhampubliclibrary.ca/makerspace/
Markham Public Library Aaniin Library Makerspace,Library,Appointment Based,Training Offered,Public,Membership Needed,Cost Per Materials Used ,Materials Provided,Digital Fabrication,Public,Non-profit,Markham,5665 14th Avenue,L3S 3K5,(905) 513-7977 ext. 4470,mplchats@markham.library.on.ca,Educational,"1. 3D Printing
2. Laser Engraver
3. Digitizing
4. Cricut,Vinyl Cutter & Heat Press
5. Sewing and  Embroidery Machine
7. Degital Media Equipment
8. KidsMakerspace",Customers under 13 years of age will need to be accompanied by a Makerspace-certified adult to use Makerspace equipment.,https://markhampubliclibrary.ca/makerspace/
Markham Public Library Angus Glen Library Makerspace,Library,Appointment Based,Training Offered,Public,Membership Needed,Cost Per Materials Used ,Materials Provided,"Digital Fabrication, Textile Work, A/V Equipment, Automated Fabrication, Software, Dedicated Computers",Public,Non-profit,Markham,3990 Major Mackenzie Drive East,L6C 1P8,(905) 513-7977 ext. 4471,atse@markham.library.on.ca; mplchats@markham.library.on.ca,Educational,"1. 3D Printing
2. Digital Media Lab with computers
3. Digitizing
4. KidsMakerspace
5. Laser Engraver
6. Sewing Machine
7. Sound Booth
8. Vinyl Cutter",,https://markham.bibliocommons.com/events/6511e8c3c0db8d2800d22bee; https://markhampubliclibrary.ca/makerspace/
Markham Public Library Aaniin Library Creation Studio,Library,Appointment Based,Training Offered,Public,Membership Needed,Cost Per Materials Used ,All Materials Provided,"Digital Fabrication, Textile Work, Automated Fabrication, A/V Equipment, Software, Dedicated Computers",Public,Non-profit,Markham,5665 14th Ave,L3S 3K5,(905) 513-7977 ext. 7100,mplchats@markham.library.on.ca,Educational,"1. 3D Printing
2. Digital Media Lab with computers
3. Digitizing
4. KidsMakerspace
5. Laser Engraver
6. Sewing Machine
7. Sound Booth
8. Vinyl Cutter",,https://markhampubliclibrary.ca/faq/makerspace；https://markhampubliclibrary.ca/locations/al/; https://markhampubliclibrary.ca/makerspace/
Markham Public Library Angus Glen Creation Studio,Library,Appointment Based,None,Public,Membership Needed,Cost Per Materials Used ,All Materials Provided,Digital Fabrication,Public,Non-profit,Markham,3990 Major Mackenzie Drive East,L6C 1P8,(905) 513-7977 ext. 7100,mplchats@markham.library.on.ca,Educational,Printer,Customers under 13 years of age will need to be accompanied by an adult to use the sound booth.,https://markhampubliclibrary.ca/booksoundbooth/
Markham Public Library Markham Village Makerspace,Library,Appointment Based,Training Offered,Public,Membership Needed,Cost Per Materials Used ,Materials Provided,Digital Fabrication,Public,Non-profit,Markham,6031 Highway 7,L3P 3A7,(905) 513-7977 ext. 4271,mplchats@markham.library.on.ca,Educational,"3D Printing and Cricut, Vinyl Cutter & Heat Press",,https://markhampubliclibrary.ca/makerspace/
Markham Public Library Thornhill Community Centre Makerspace,Library,Appointment Based,Training Offered,Public,Membership Needed,Cost Per Materials Used ,Materials Provided,"Digital Fabrication, Dedicated Computers, A/V Equipment, Automated Fabrication, Textile Work",Public,Non-profit,Markham,7755 Bayview Avenue,L3T 4P1,(905) 513-7977 ext. 3521,mplchats@markham.library.on.ca; DigitalSpecialist@markham.library.on.ca,Educational,"1. 3D Printing, 2. Cricut, Vinyl Cutter & Heat Press, 3. Digitizing",Note: Customers under 13 years of age will need to be accompanied by a Makerspace-certified adult to use Makerspace equipment.,https://markhampubliclibrary.ca/makerspace
Markham Public Library Thornhill Community Centre Digital Media Stations,Library,Appointment Based,Training Offered,Public,Membership Needed,Cost Per Materials Used ,Materials Provided,Digital Fabrication,Public,Non-profit,Markham,7756 Bayview Avenue,L3T 4P1,(905) 513-7977 ext. 3522,mplchats@markham.library.on.ca,Educational,"3D Printing
Digital Media Equipment
Document/Photo Scanner
Still-images films scanners
Video-Home system",Customers under 13 years of age will need to be accompanied by an adult.,https://my.matterport.com/show/?m=yoFa48rDir1&qs=1 and https://markhampubliclibrary.ca/makerspace/
Centennial College Progress Makerspace,University/College,"Class/Workshop Bookable, Appointment Based",Training Required,Students,No Membership,Cost Per Materials Used ,Materials Provided,"A/V Equipment, Automated Fabrication, Microelectronics, Software, Dedicated Computers, Digital Fabrication, Textile Work",Public,Non-profit,City of Toronto,"941 Progress Avenue, Room L2-06 - Learning Centre",M1G 3T8,"416-289-5000, ext. 55400",mogunleye@centennialcollege.ca or makerspace@centennialcollege.ca library@centennialcollege.ca,Educational,"1010music blackbox-sampling studio, Arduino series, Audio-Technica USB/XLR mic, Button Maker, Canon Rebel DSLR camera, Canon Vixia video camera, Cricut machines, Desktop, Elgato capture video card, HTC VIVE + laptop, Insta 360 Pro camera, Intuos Draw tablet, Janome sewing machine, Korg Monotron synthesizer, Manfrotto cell phone mount, Manfrotto Pixi mini tripod, Manfrotto VR 360 tripod, Meta Quest 2, Oculus Rift + laptop, Overhead ring light kit, Photography lighting kit, Pickit 3 in-circuit debugger, Podcastudio kit, Portable green screen, Raspberry Pi series, Revolution lightboard, Sony wireless Bluetooth mic, Theta V 360 camera, Vanguard Alta Pro tripod, 3D technologies, Gorillapod mobile vlogging kit with GoPro",,https://library.centennialcollege.ca/spaces-technology/makerspace/
Centennial College Story Arts Centre Makerspace,University/College,"Multiple:, Walk In, Class/Workshop Bookable",Training Required,Students,No Membership,Cost Per Materials Used ,Materials Provided,"Dedicated Computers, Digital Fabrication, Textile Work, A/V Equipment, Automated Fabrication, Software",Public,Non-profit,City of Toronto,"951 Carlaw Avenue, Room 190",M4K 3M2,"416-289-5000, ext. 58607",mogunleye@centennialcollege.ca or makerspace@centennialcollege.ca library@centennialcollege.ca,Educational,1. 3D Printer 2. Button Maker kit 3. Cricut Machines 4. Recording Studio 5. Sewing & Embroidery Machine,,https://library.centennialcollege.ca/spaces-technology/makerspace/
UTSC Library Makerspace,University/College,"Class/Workshop Only, Appointment Based",Training Required,Students,No Membership,Cost Per Materials Used ,Materials Provided,"Digital Fabrication, Textile Work, A/V Equipment, Automated Fabrication, Microelectronics, Software, Dedicated Computers",Public,Non-profit,City of Toronto,"1265 Military Trail, AC256",M1C 1A4,416-287-7500,makerspace.utsc@utoronto.ca,Educational,"13D Printers (Dremel 3D45 3D printer), Arduino starter kit, Button Maker, Canon PowerShot SX420 Digital Camera, Cricut Maker (Cricut Joy Xtra, Cricut Maker3), Dj studio headphones, Epson DS5000 large-bed scanner, Epson V850 scanner, Extension cord, Hue Animation Studio Kit, iMacs with Adobe Creative Cloud, Kodak slide N scan digital film scanner, Lego Mindstorm EV3, Lego creative brick box, Lighting Kit, Microphone stand, Podcasting Equipment, Recording Studio, Robotics Starter Kits, Raspberry Pi starter kit, Sewing Machines (Singer sewing machine), Smartphone tripod adaptor, Studio backdrop kit, Studio lighting kit, Tripods, Vocal microphone, Wireless microphone, XLR cable, usb microphone kit, Zohulu 4K camcorder camera",,https://utsc.library.utoronto.ca/makerspace
Richmond Hill Public Library,Library,Walk In,Training Offered,Public,Membership Needed,Cost Per Materials Used ,Materials Provided,Textile Work,Government,Profit,Richmond Hill,1 Atkinson Street,L4C 0H5,905-884-9288,info@rhpl.ca,Educational,"3D Printing, Fabric Printing, iMac Creative Stations",Live Chat,https://www.rhpl.ca/library-services/makerspace
Whitchurch-Stouffville Public Library Makerspace,Library,Multiple:,None,Public,Membership Needed,Cost Per Materials Used ,Materials Provided,Automated Fabrication,Government,Profit,Whitchurch-Stouffville,2 Park Drive,L4A 4K1,905-642-7323,info@wsplibrary.ca,Educational,"3D Printing, Button Press, Circuit Machine, Recording Studio, Sewing Machines, Perler Beads, Ozobots, Ardunio kits, Squishy Circuits Kits, Lego Mindstorms EV3 Robotic Sets, SOldering Kits, Makey Makey Kits, Lego WeDo 2.0 Robotics sets, General crafting tools and supplies","Most materials are provided awith varying cost, and most tools are accessible by walk-in with few exceptions such as the recording studio that requries an booking",https://www.wsplibrary.ca/services/makerspace/
McLaughlin Branch Oshawa Public Library Makerspace,Library,Walk In,None,Public,Membership Needed,Cost Per Materials Used ,Materials Provided,"A/V Equipment, Software",Government,Non-profit,Oshawa,65 Bagot St,L1H 1N2,(905) 579-6111 ext. 5200,Website inquiry,Educational,"3D Printer (Learn more and submit a 3D print request).
Computers
Green Screen
Interactive Projector
Lego®: original blocks to create one-of-a-kind designs
Craft supplies
K'Nex",,https://oshawalibrary.ca/technology/makerspace/
Maker Hub Newmarket Public Library,Library,Class/Workshop Bookable,None,Public,Membership Needed,Free Use,Materials Provided,Digital Fabrication,Public,Non-profit,Newmarket,438 Park Ave.,L3Y 1W1,905-953-5110 Ext. 4735,Website inquiry,Educational,"3D printers, Button maker, cricut machine.",Website inquiry under Contact Us: Community Engagement,https://www.newmarketpl.ca/en/services/maker-hub.aspx
Georgetown Branch of the Halton Hills Public Library Makerspace,Library,Appointment Based,None,Public,No Membership,Cost Per Materials Used ,Materials Provided,"Digital Fabrication, Textile Work, A/V Equipment, Software, Dedicated Computers, Woodwork Machinery, Automated Fabrication",Government,Non-profit,Halton Hills,9 Church Street,L7G 2A3,905-873-2681,askus@haltonhills.ca,Educational,"3D Printer (Cubicon Single Plus)
Adobe Illustrator, InDesign, Photoshop Elements, Premiere Elements
Audacity (audio editing software)
Cricut EasyPress (heat press for T-shirts)
Cricut EasyPress Mini
Cricut Heat Press (for mugs)
Cricut Maker (smart cutting machine)
Cubicon Single Plus (3D printer)
Handbrake (video transcoding software)
iMac Pro (dedicated computer)
My Memories Suite (scrapbooking software)
Roxio Creator NXT (media editing software)
Sculptris (3D modeling software)
Tracing Light Table (for design and art)​(Hamilton Public Library)​(Hamilton Public Library).","The Georgetown Branch of the Halton Hills Public Library offers a makerspace for scanning, editing, and converting photos and videos, as well as hardware and software that you can use for your creative photo, audio and video projects.",https://www.hhpl.ca/en/visit/creativity-centre.aspx
Central Branch Burlington Public Library,Library,Appointment Based,Training Offered,Public,No Membership,Cost Per Materials Used ,Materials Provided,"Digital Fabrication, Woodwork Machinery, Automated Fabrication, A/V Equipment, Textile Work",Public,Non-profit,Burlington,2331 New Street,L7R 1J4,905.639.3611,E newsletter,Educational,"3D Printers, Button Maker, Die Cutter, Embroidery Machine, Laser Cutter, Large Format Photo Printer, Scanner, Vinyl Cutter, Vinyl Printer","MakerSpace is a small-scale do-it-yourself workshop where you can create designs and use equipment to complete your projects. Unless noted, the MakerSpace at Central Branch, 3rd floor, is open:
Mon, Fri, Sat: 10am-4:30pm; Saturday closed 1-2pm
Tue, Wed, Thu: 10am-8:30pm
Sun: Closed",https://www.bpl.on.ca/services/makerspace
Prototype design labs,Business,Appointment Based,None,Designers,No Membership,Cost Per Materials Used ,Materials Provided,Digital Fabrication,Private,Profit,City of Toronto,22 enterprise road,m9w 1c3,416-842-0275,info@pdlab.ca,Boutique,1. Construction 2. Administration 3. DesignBuild 4. Fabrication 5. Industrial Design 6. Interior Design 7. Lighting Design 8.Other Prototyping 9. 3D Printers 10.Laser Cutter 11.Cricut,,https://pdlab.ca/#
Neuronic Works,Business,Appointment Based,None,Designers,No Membership,Cost Per Materials Used ,All Materials Provided,Microelectronics,Private,Profit,City of Toronto,210 Lesmill Rd,M3B 2T5,"844-546-1575, 416-546-1575",info@neuronicworks.com,Industrial,"application development, box build assembly, custom electronic product design, design services, embedded engineering services, graphic and industrial design, mechanical design, prototyping, PCB assembly",,https://neuronicworks.com/prototyping/
Humber Prototype Lab,University/College,Appointment Based,None,Designers,No Membership,Cost Per Materials Used ,Materials Provided,Microelectronics,Private,Non-profit,City of Toronto,"205 Humber College Blvd., Barrett Centre For Technology Innovation",M9W 5L7,416.675.3111,"askbarrettcti@humber.ca, enquiry@humber.ca",Educational,"Hobby 3D printers
Object 30 (Resin based commercial 3D printer)
Protomat S103 (circuit board drilling and setup)
Protolaser S (circuit board engraver / etch)
Protoplace S (circuit component placing)
Protoflow E Reflow Oven (solder reflow)
Solder Stencils
Speeedy 100 (laser cutter)","Staff on site to assist with plugging files into the machines. 
For students and members of the Humber community",http://munro.humber.ca/~mdrk0011/
TMU Digital Fabrication Lab,,,,,,,,,,,,325 Church St. ARC-116,M5B 2M2,416-979-5000 ext. 556483,jordan.so@torontomu.ca arch.office@torontomu.ca,,,,https://www.torontomu.ca/architectural-science/studios-facilities/digital-fab-lab/
Forge Labs Inc. Toronto,Business,Appointment Based,None,Designers,No Membership,No Materials,Materials Provided,"Metalwork Machinery, Digital Fabrication, Automated Fabrication",Private,Profit,,Online delivery,N/A,877-329-9131,sales@forgelabs.com,Industrial," industrial 3D printing technologies from Stratasys, EOS, 3D Systems, and HP, we manufacture locally and deliver the next day",,https://forgelabs.ca/3d-printing-toronto/
Loyalist College The FailSafe,University/College,Class/Workshop Bookable,Training Offered,Students,No Membership,Free Use,Materials Provided,"Dedicated Computers, Digital Fabrication, A/V Equipment, Software",Public,Non-profit,Belleville (Not in GTA),"376 Wallbridge-Loyalist Road, Belleville, ON​",K8N 5B9,"613-921-0784, 613-969-1913, ext. 2100","hbrown@loyalistcollege.com, info@loyalistcollege.com",Educational,"3D printers, CO2 laser cutters/engravers, recording booths, PC gaming stations, design computers"," No membership, all students, staff, and faculty of Loyalist College can use the facility.
The facility provide 3D print material like PLA and PTEG to students at no charge currently.  For our laser cutter, we don’t provide any material.
Open Hour: Sept- April: Mon-Fri 8 a.m. – 7 p.m., and Sat 10 a.m.-6pm. 
May – Aug: Mon-Fri 8 a.m. - 4 p.m. 
The facility is bookable students, staff, and faculty, not the general public. 
Machine/Computers/Software included in the facility:
Bambu Labs 3D printers : X1 Carbon (3), A1-Mini (2), P1S (2)
Dremel 40-watt Laser Cutter
Meta Quest Pro VR units (2)
Small and Large Audio Booths  (Large one has 4K webcam and pull-down green screen
Alienware eSports PCs (10)",(This link is no longer avaliable) https://loyalistcollege.com/news/loyalist-college-opens-the-failsafe-to-support-tech-based-innovation-on-campus/ 
Ultimate Workshop,Community Centre,By Invite Only,None,Public,Membership Needed,Cost Per Materials Used ,No Materials Provided,"Digital Fabrication, Metalwork Machinery, Woodwork Machinery, Automated Fabrication, Microelectronics, Software",Private,Profit,Vaughn,"22 Cariboo Ave, Toronto, ON M6P 3T6",M6P 3T6,(647) 880-7467,info@ultimateworkshop.ca,Industrial,"3D Printers,CNC Machines, Electronics Workbenches, Hand Tools, Laser Cutters, Metalworking Tools, Woodworking Tools 
","Excluisve Welcome Kit, VIP access or perks, One- on-one coaching and membership",https://www.theultimateworkshops.com/
Queer Computer Club,Community Centre,By Invite Only,None,Non-specific,Membership Needed,Cost Per Materials Used ,No Materials Provided,"Software, Dedicated Computers, Digital Fabrication, A/V Equipment",Public,Non-profit,City of Toronto,"720 Spadina Avenue, Unit 403",M5S 2T9,Discord,directors@queercomputerclub.ca,Educational,"3D Printers, Arduino Kits, Digital Art Software (e.g., Adobe Creative Suite), 
Gaming Consoles, Laptops/Computers, Raspberry Pi, 
Robotics Kits, Virtual Reality (VR) Headsets, 
Web Development Tools (e.g., HTML, CSS, JavaScript), 
Wireless Technologies (e.g., Bluetooth, Wi-Fi)
","Don't have to be a queer, it is because -- emphasize our focus on making a space for LGBT+ people, everyone is welcome.
The business hours of the building are: Monday to Friday: 6:30 a.m. - 9:30 p.m. Saturday and Sunday: 8:00 a.m. - 8:00 p.m.
Outside of these hours, access to the building requires a keyfob for the front door and to operate the elevator. Members are given a fob so they can access the space at any time.
",https://queercomputerclub.ca/
3 Delta Studio,Community Centre,Appointment Based,Training Offered,Public,No Membership,Cost Per Materials Used ,All Materials Provided,"Digital Fabrication, Software, Dedicated Computers",Public,Profit,City of Toronto,"180 Shaw Street, Unit 207, Artscape Youngplace",M6J 2W5,,info@3deltastudio.ca,Educational,"3D Printers, Laptops for tutorial",Please note that studio won't offer short-term studio rental until further notice.,https://3deltastudio.ca/
Pickering Public Library Technology & Maker Space,Library,Multiple:,None,Public,Membership Needed,Cost Per Materials Used ,Materials Provided,"Software, Textile Work, Digital Fabrication, Automated Fabrication, A/V Equipment, Dedicated Computers",Public,Non-profit,Pickering,"1 The Esplanade S, Pickering, ON",L1V 6K7,(905) 831-6265 (press 1 to speak to a staff agent),help@pickeringlibrary.ca,Educational,"Adobe Creative Suite Workstation, Analog to Digital Conversion Equipment, Binding Machine, Button Maker, Large Format Printer, Laser Cutter, Sound Booth with iMac, Carvey, Vinyl Cutter, Photo Scanner, Red Clam Heat Press, Sewing Machine, 3D Printer",,https://pickeringlibrary.ca/makerspace/
Fabrication Studio North York Central Library,,,,,,,,,,,,,,,,,,,https://www.torontopubliclibrary.ca/using-the-library/computer-services/innovation-spaces/fabrication-studio.jsp
"Hamilton, Oakville and Burlington Makerspace",,,,,,,,,,,,,,,,,,,https://hobmakers.ca/
Creation Zone Oakville Public Library,Library,Class/Workshop Bookable,Training Offered,Public,Membership Needed,Free Use,Materials Provided,"Digital Fabrication, Woodwork Machinery, Software, Metalwork Machinery, Textile Work",Public,Non-profit,Oakville," 1415 Third Line, Oakville, ON L6M 3G2","L6M 3G2",(905) 815-2039,"oplreference@oakville.ca ",Educational,"3D Printer, Button Maker, Cricut Cutting Machine
, iMac Workstations, Inkjet Photo Printer, Laser Cutter, Photo/Film Scanner
Serger
Sewing Machine, VHS to Digital File Converter",there are drop in availabilites and to book the equipment a library card is neccessary. some materials are free and some need to be purchased or brought in by the individual,https://opl.ca/Programs-and-Events/Creation-Zone
Cory Trépanier Creativity Studio (CTCS) Caledon East branch Caledon Public Library,Library,Multiple:,Training Required,Public,Membership Needed,Free Use,Materials Provided,"Software, Digital Fabrication, Textile Work, A/V Equipment, Automated Fabrication, Dedicated Computers",Public,Non-profit,Caledon,6215 Old Church Road,L7C 1J7,(905) 584 1456,ceast@caledon.library.on.ca,Educational,"3D printers, Other maker tools (not specified but often include things like laser cutters, vinyl cutters, or sewing machines), Collaboration spaces for hands-on learning and workshops, C-Pen Scanning Pens, Digital Library Access.","3D printers, lasers, and vinyl cutters may require instruction or training. The library offers classes and one-on-one meetings with maker professionals to assist users get started with these tools. You need a library card to use the maker space and equipment. ",https://caledon.library.on.ca/maker/
Margaret Dunn Valleywood (MDV) Collaboration Studio Caledon Public Library,Library,Walk In,None,Public,Membership Needed,Free Use,No Materials Provided,"Dedicated Computers, Textile Work",Public,Non-profit,Caledon,20 Snelcrest Drive,L7C 1B5,(905) 843 0457,dunn@caledon.library.on.ca,Educational,"3-D printers, audio, computers, editing tools, traditional arts, craft suppliers",,https://caledon.library.on.ca/maker/
AMPD Pan-Faculty Makerspace YorkU,University/College,Multiple:,None,Students,No Membership,Cost Per Materials Used ,Materials Provided,Automated Fabrication,Private,Non-profit,City of Toronto,"86 Fine Arts Rd, GCFA 164A",M3J 1P3,(416) 736-2100,jturola@yorku.ca,Educational,"3D printing, 3D Scanning, CNC, Laser Cutting, Resin 3D Printing",,https://makerspace.ampd.yorku.ca/
Make-It Lab King Township Public Library,Library,Multiple:,None,Public,Membership Needed,Cost Per Materials Used ,Materials Provided,"Dedicated Computers, Microelectronics, Software",Public,Non-profit,King,1970 King Rd.,L7B 1K9,905-833-5101,makeitlab@kinglibrary.ca,Educational,"3D printing, Button Maker, Cricut, Filming & Recording Equipmnent, Green Screen, Large Scale Printer, Sound Booth, Virtual Reality Google ",,https://www.kinglibrary.ca/Make-It-Lab
The Scugog Library Makerspace,Library,Appointment Based,None,Public,Membership Needed,Cost Per Materials Used ,Materials Provided,"Textile Work, Software, A/V Equipment, Digital Fabrication",Public,Non-profit,Scugog,"231 Water St, Port Perry, ON",L9L 1A8,905-985-7686 ex. 101,"Directly message on website, no email provided",Educational,"Button Maker, Craft Cutter, Heat Press, iMac Workstation, Laminator, Laser Cutter, Large Format Printer, Sewing Machine, STEM Coding Kit, Studio Lightning Kit, 3D Printer",All customers 14 and over must have a completed waiver before accessing Makerspace services. Those under 18 must have a parent or legal guardian sign on their behalf. Children under 14 must be accompanied by a parent/guardian while in the Makerspace.,https://www.scugoglibrary.ca/makerspace/
Mary Street Community School maker space,Public School,Class/Workshop Only,Training Required,Students,No Membership,Free Use,Materials Provided,"A/V Equipment, Digital Fabrication, Dedicated Computers",Public,Non-profit,Oshawa,"110 Mary Street, Oshawa, ON",L1G 7S2,905-433-8910,MaryStreetCommunitySchool@ddsb.ca,Educational,"3-d Printer, Green Screen, Virtual Reality, and Robots",Not open for general public,https://marystreet.ddsb.ca/en/students/activities.aspx
InnovaStem,Business,Multiple:,None,Students,Membership Needed,Free Use,Materials Provided,Digital Fabrication,Private,Profit,Mississauga,2680 Matheson Blvd E. Suite 102 ,L4W 0A5,416- 840-6311,Website inquiry,Educational,"- 3D printers
- Electronic modules 
- Microcontrollers
- Robot car kits 
- VR & AR sets 
",,https://innovastem.ca/
Makerspace @ McLean Ajax Library,Library,Walk In,Training Offered,Public,Membership Needed,Cost Per Materials Used ,All Materials Provided,"Textile Work, Digital Fabrication, A/V Equipment, Automated Fabrication, Microelectronics, Dedicated Computers, Software",Public,Non-profit,Ajax,55 Harwood Ave.,L1T 4M5,905-683-4000 ext. 8838,christofer.zorn@ajaxlibrary.ca & libraryinfo@ajaxlibrary.ca,Educational,"Digital Media:
        •        Cameras (Canon, GoPro, Sony)
        •        Microphones (AKG, Aston, Rode, Instrument Dynamic)
        •        Audio equipment (KRK Studio Monitor, UA Volt Audio Interface,  
                              Sennheiser Headphones)
        •        Musical instruments (Alesis Drums, Guitar, Yamaha Digital Piano,     
                              microKORG, Novation Keyboard)
        •        Computers (Apple iMac, Dell Latitude)
Graphic Design:
        •        Cricut machines (Maker 3, Venture)
        •        Wacom Intuos Drawing Tablet
        •        HP DesignJet T120
Robotics & Coding:
        •        Arduino Starter Kit
        •        Makey Makey
        •        Raspberry Pi 4B
        •        Sphero littleBits STEAM+ Kit
Small Equipment:
        •        Vevor Button Maker and Die Cutter
        •        Weller Soldering Iron
Gaming:
        •        Meta Quest 2 VR headse
Object Making:
        •        3D printers (Flashforge Creator, Glowforge)","Primarily walk-in, with scheduled workshops and meetings available.
Open to the public, including individuals, groups, and school groups.
Skills Required: None; a willingness to learn is encouraged, with limited guidance provided for task completion.
Requires a free Ajax library card (quick process) and a signed waiver for equipment usage.
Equipment use is free, but users are charged for materials (can bring their own).
Purpose: To foster a community of creators and learners by providing the tools and space for hands-on projects and skill development.

Monday to Friday | 9:00 a.m. to 9:00 p.m.
Saturday | 9:00 a.m. to 5:00 p.m.
Sunday | 11:00 a.m. to 5:00 p.m.",https://ajaxlibrary.ca/Makerspace
Makwendam Public School,Public School,,,,,,,,,,Burlington,565 Woodview Road,L7N 2Z9,905-632-1766,mkwps@hdsb.ca,,,,https://mkw.hdsb.ca/about-makwendam#h.p_8hvEL5tI1QwU
Maple Grove Public School,Public School,Walk In,Training Offered,Students,Membership Needed,Free Use,All Materials Provided,Dedicated Computers,Public,Non-profit,Oakville,288 Maple Grove Drive,L6J 4V5,905-844-9322,magps@hdsb.ca,Educational,-3D Printing                                                                                     -Robotics Kit                                                                        -Coding Stations                                                                  -Crafting tools,,https://mag.hdsb.ca/for-students/get-involved
Elementary james Robinson Public School SPARC!,Public School,Walk In,Training Offered,Students,Membership Needed,Free Use,All Materials Provided,Digital Fabrication,Private,Non-profit,Aurora,90 Robinson St.,L3P 1N9,"(905) 294-3484 , (647) 795-7638",james.robinson.ps@yrdsb.ca,Educational,"3D printing, accessible furniture, books in a variety of formats (traditional, digital, Braille), eye-gaze technology, green screen technology, iPads, Lego building, magnetic discovery, voice augmentation devices",,http://www.yrdsb.ca/schools/jamesrobinson.ps/info/Pages/SPARC!-Universally-Accessible-Learning-Commons.aspx
Seneca Sandbox - Newnham Full-Serve Studios,University/College,Appointment Based,Training Offered,Students,Membership Needed,Free Use,Materials Provided,"A/V Equipment, Digital Fabrication, Software, Dedicated Computers",Public,Non-profit,City of Toronto,"1750 Finch Ave. East, Toronto",M2J 2X5,416-764-9819 outreach manager,"jennifer.peters@senecapolytechnic.ca, sandbox@senecapolytechnic.ca",Educational,"3D Printers
3D Printing Pen
3D Scanner
Analogue Synthesizers
Audio interfaces
Audio mixer
Backdrops
Condenser Microphones
Digital and analogue video and audio adapters/cables
Dolly tripod
DSLR & Mirrorless Camera
Dynamic microphones
Flash kits
Green Screens
Headphone Amplifier
Headphones
iMacs (Garageband, Logic, Ableton Live, Adobe Suite, iMovie, etc.)
LED lights
LED Screens on carts
Lighting boxes
Macro and Portrait Lenses
Memory card readers
Mic stands: boom, tabletop, studio arm
MIDI Keyboards
Mirrorless Cameras
Portable audio recorder
Projectors
Reflectors
Shotgun microphones
Studio lighting
Teleprompters
Tripod mounts for tablets, smartphones
Tripods
USB hubs
USB microphones
Video capture cards
Video switcher
Wireless microphone kits (hand-held and lapel)","Only available fot Seneca students, there are 3 rooms that can be booked online, each room serves a different purpose                                              Digital Media Appointments        9:00am – 5:00pm
Newnham Full-Serve Studios        9:30am – 4:30pm
Seneca@York Full-Serve Studios        9:30am – 4:30pm
King Self-Serve Studios        9:30am – 4:30pm
SIA (Markham) Self-Serve Studios        9:30am – 4:30pm",https://library.senecapolytechnic.ca/sandbox/
Seneca Sandbox - Seneca@York Full-Serve Studios,University/College,Appointment Based,Training Offered,Students,Membership Needed,Free Use,Materials Provided,A/V Equipment,Public,Non-profit,City of Toronto,70 The Pond Road,"M3J 3M6
",416-764-9822,"julio.palacios@senecapolytechnic.ca, sandbox@senecapolytechnic.ca",Educational,"3D Printers
Adobe Creative Cloud (software)
AR Equipment
AutoCAD (software)
Audio/Video Production Tools
Laser Cutters
VR Equipment",,https://library.senecapolytechnic.ca/sandbox/
Seneca Sandbox -  King Self-Serve Studios,University/College,Appointment Based,Training Offered,Students,Membership Needed,Free Use,Materials Provided,Digital Fabrication,Private,Non-profit,King,13990 Dufferin Street,L7B 1B3,416-764-9829,"mohamad.tafish@senecapolytechnic.ca, sandbox@senecapolytechnic.ca",Educational,"An assortment of lenses
An assortment of microphones
Backdrops
Bookable Studio Space
Camcorders and GoPros
Dedicated Audio Recording Space
Diffusers
DSLR Cameras
Flash Kits
Green Screen
Light boxes
Light Meters
Macro lenses
Midi Keyboards
Portable voice recorders
Product Photography
Recording Software
Reflectors
Ring flashes
Rode Podcaster microphones
Studio Lighting
Studio Lighting (mentioned twice in your list)
Video Editing Stations
XLR Supported Equipment","Digital Media Appointments	9:00am – 5:00pm
Newnham Full-Serve Studios	9:30am – 4:30pm
Seneca@York Full-Serve Studios	9:30am – 4:30pm
King Self-Serve Studios	9:30am – 4:30pm
SIA (Markham) Self-Serve Studios	9:30am – 4:30pm",https://seneca.libcal.com/reserve/kingselfserve
Seneca Sandbox - SIA (Markham) Self-Serve Studios,University/College,Appointment Based,Training Offered,Students,Membership Needed,Free Use,Materials Provided,"Digital Fabrication, Software, Dedicated Computers, A/V Equipment",Public,Non-profit,Markham,8 The Seneca Way,L3R 5Y1,437-312-0584,"philip.wasley@senecapolytechnic.ca, sandbox@senecapolytechnic.ca",Educational,"Video
Wireless microphone kits (hand-held and lapel)*
Studio lighting*
Backdrops*
Green Screens*
Tripods*
Photography
Tripods*
Tripod mounts for tablets, smart phones*
Audio/Music
Audio interfaces*
Condenser Microphones*
Mic stands: boom, tabletop, studio arm*
Headphones*","Digital Media Appointments	9:00am – 5:00pm
Newnham Full-Serve Studios	9:30am – 4:30pm
Seneca@York Full-Serve Studios	9:30am – 4:30pm
King Self-Serve Studios	9:30am – 4:30pm
SIA (Markham) Self-Serve Studios	9:30am – 4:30pm",https://seneca.libcal.com/reserve/siaselfserve
Seneca Polytechnic - Virtual Digital Media Appointments,University/College,Appointment Based,None,Students,Membership Needed,Free Use,No Materials Provided,Software,Private,Non-profit,,Online,Online,LiveChat,"sandbox@senecapolytechnic.ca, theservicehub@senecacollege.ca",Educational,"Some examples of software/apps we support include:

Adobe Express
Canva
Google Sites
PowerPoint",,https://theservicehub.senecapolytechnic.ca/s/article/Sandbox-Studio-Digital-Media-Appointments-DMAs
Makerwiz,Business,Class/Workshop Bookable,Training Offered,Public,No Membership,Free Use,All Materials Provided,Digital Fabrication,Private,Profit,Richmond Hill,"120 East Beaver Creek Road, Suite 200",L4B 4V1,289-637-1333,info@makerwiz.com,Educational,"Our STEAM3D Space offers a wide variety of programs, including STEAM Maker Club, Workshops, Camps, Trainings and Competitions. These programs involve the following topics:

3D Printing, 3D Scanning, 3D Design
Laser Cutting and Engraving
CNC Milling and Routing
Vinyl Cutting
Drones and Robotics
FPV
Coding
Photography
Videography
Electronics
Microcontrollers and Microcomputers
Wearables
Augmented Reality / Virtual Reality","Plenty of workshops, sessions, camps, trainings, and competitions. Also offers a 3d printing service online that'll deliver to your address.",https://makerwiz.com/
Makerspace East Gwillimbury Public Library Holland Landing Branch,Library,Appointment Based,Training Offered,Non-specific,Membership Needed,Cost Per Materials Used ,Materials Provided,"Digital Fabrication, Automated Fabrication",Private,Non-profit,East Gwillimbury,"19513 Yonge Street
Holland Landing ",L9N 1P2,(905) 836-6492,Website inquiry,Educational,"Cricut Easy Press
Cricut Explore Air machines
Cricut Maker 3 Machines
Flashforge Creator Pro 3D Printer
Mug press",,https://www.egpl.ca/services/makerspace
Makerspace East Gwillimbury Public Library Mount Albert Branch,Library,Appointment Based,Training Offered,Non-specific,Membership Needed,Cost Per Materials Used ,Materials Provided,"Digital Fabrication, Automated Fabrication",Private,Non-profit,East Gwillimbury,"19300 Centre Street
Mount Albert",L0G 1M0,(905) 473-2472,Website inquiry,Educational,"a Flashforge Creator Pro,3D Printer Cricut Explore Air machines,  Cricut Maker 3 Machines, a Cricut Easy Press, and a mug press.",,https://www.egpl.ca/services/makerspace
MAKE IT! space Vaughan Public Pierre Berton Resource Library,Library,Multiple:,Training Offered,Public,Membership Needed,Cost Per Materials Used ,Materials Provided,"Digital Fabrication, Textile Work, A/V Equipment, Automated Fabrication, Microelectronics, Software, Dedicated Computers",Public,Non-profit,Vaughn,"4921 Rutherford Road
Woodbridge",L4H 3C2,905-653-7323,Website inquiry https://www.vaughanpl.info/blogs/shareit/help/,Educational,"The Photography & Film Studio features an Apple Mac, Nikon, and Sony cameras, LED video lighting, and Adobe Creative Cloud. The Recording Studio provides professional audio equipment, numerous musical instruments, and software such as Logic Pro X. Fabrication equipment consists of the Roland GS-24 vinyl cutter, Cricut Maker 3, Glowforge Plus laser cutter, and Ultimaker 3D printers. Meta Quest VR devices and Apple iMac workstations equipped with Adobe Creative Suite are available for digital design and virtual reality applications. Hands-on learning options include engineering and coding equipment.","The Vaughan Public Library's Makerspaces have specialized equipment, including a button maker, a Carvey tabletop carving machine, and a direct-to-garment printer. There are instruments such as the Oculus Rift (currently unavailable) and different 3D modeling software for digital design. The Recording Studio is outfitted with high-performance audio interfaces and various musical instruments.",https://www.vaughanpl.info/shareit/welcome-to-the-make-it-space/ https://www.vaughanpl.info/blogs/shareit/ https://www.vaughanpl.info/blogs/shareit/make-it/
LEARN IT! space Vaughan Public Bathurst Clark Resource Library,Library,Class/Workshop Bookable,Training Offered,Public,Membership Needed,Cost Per Materials Used ,Materials Provided,"Digital Fabrication, Software",Public,Non-profit,Vaughn,"900 Clark Avenue West, Thornhill",L4J 8C1,905-653-7323,Website inquiry https://www.vaughanpl.info/blogs/shareit/help/,Educational,,,https://www.vaughanpl.info/shareit/welcome-to-the-make-it-space/ https://www.vaughanpl.info/blogs/shareit/make-it/ 
CREATE IT! space Vaughan Public Civic Centre Resource Library,Library,Class/Workshop Bookable,Training Offered,Public,Membership Needed,Cost Per Materials Used ,Materials Provided,Digital Fabrication,Public,Non-profit,Vaughn,"2191 Major Mackenzie Drive West, Maple",L6A 3Y8,905-653-7323,Website inquiry https://www.vaughanpl.info/blogs/shareit/help/,Educational,,,https://www.vaughanpl.info/shareit/welcome-to-the-make-it-space/ https://www.vaughanpl.info/blogs/shareit/create-it/
Delano Academy's STE(A)M factory Thornhill Campus,,,,,,,,,,,Vaughn,200 Racco Parkway,L4J 8X9,905. 237. 7315,admin@delanoacademy.com,,,,https://www.delanoacademy.com/s-t-e-a-m
Proto 3000,Business,Appointment Based,None,Specified Other,No Membership,Cost Per Materials Used ,All Materials Provided,"Digital Fabrication, Automated Fabrication, Metalwork Machinery, Software",Private,Profit,Vaughn,6260 Highway 7 Unit 8,L4H 4G3,905-738-1779,info@proto3000.com,Industrial,"3D printing services (Formlabs 3D Printers, ETEC Polymer 3D Printers, Metal Extrusion 3D Printers, Laser Metal 3D Printers, Metal Binder Jetting 3D Printers, Composite and Specialty Material 3D Printers), additive manufacturing technologies (HP Multi Jet Fusion, Digital Light Processing, Fused Deposition Modeling, Stereolithography, Selective Laser Sintering, Polyjet, Metal Binder Jetting, Bound Metal Deposition, Laser Powder Bed Fusion), metrology services (3D Scanning Services, Reverse Engineering, Inspection), quality inspection (Part Analysis, Tooling Inspections, GD&T, NDT, Part-to-CAD Inspection, Part to Part Comparison, First Article Inspection), and 3D design (Topology Optimization, Design Validation, 3D Concept Designing, Post Processing, 3D Modeling, 3D CAD Services).","The organization focuses on providing end-to-end advanced manufacturing solutions that leverage design, additive manufacturing, and metrology to reduce product design cycles, enhance prototyping capabilities, improve production efficiency, and maximize supply-chain flexibility. It differs from other types of makerspaces as it does not allow people to directly access the technology (unless they purchase it).",https://proto3000.com/
HELIX Seneca,,,,,,,,,,,,1750 Finch Avenue East,M2J 2X5,416.491.5050,helix@senecapolytechnic.ca,,,,https://www.senecapolytechnic.ca/innovation/helix/helix-programs-and-initiatives.html
Creative Studio Aurora Public Library,,,,,,,,,,,,15145 Yonge St,L4G 1M1,(905) 727-9494,Website inquiry https://aurorapl.ca/contact-us/,,,,https://aurorapl.ca/creative-studio/
Georgina Public Library Makerspace,Library,Appointment Based,Training Offered,Non-specific,Membership Needed,Cost Per Materials Used ,Materials Provided,"Digital Fabrication, Automated Fabrication, A/V Equipment, Dedicated Computers, Software",Public,Non-profit,Georgina,"261 Garrett Styles Dr, Georgina",L4P 3E9,905-989-3000,Website inquiry https://www.georginalibrary.ca//Modules/email/emailattachment.aspx?CV2=peI1o0l5lA5HHVS1X4weKhfpUQeQuAleQuAl&ref=https://www.georginalibrary.ca/en/service/maker-space.aspx#&lang=en,Educational,"3D Printer
Button Maker
Cricut
Cricut Heat Press and Mug Press
DSLR Camera
iMac Workstation 
Large Format Printer
Laser Cutter 
Recording Studio and Green Screen 
Vinyl Printer and Cutter ",,https://www.georginalibrary.ca/en/service/maker-space.aspx
"Maker's Space & Studio Clarington Library, Museums & Archives Courtice Library",Library,Appointment Based,Training Offered,Non-specific,Membership Needed,Cost Per Materials Used ,Materials Provided,"Digital Fabrication, Textile Work, A/V Equipment, Software, Microelectronics, Dedicated Computers",Public,Non-profit,Clarington,2950 Courtice Rd,L1E 2L8,905-623-7322 x2735,makerspace@cplma.ca,Educational,"3D Printers: FlashForge Creator, Ultimaker 3
Apple iMac 24""
Audio Equipment: Elgato Stream Deck, Cloudifier Mic Amplifier, Presonus Audio Mixer, Podcast Shure Microphones, Lapel Microphones
Button Makers: VEVOR Button Maker (58mm, 25mm)
Cricut Machines: Cricut Maker 3, Cricut Mug Press (x2)
Digital Cameras: Canon Vixia HF G50 Camcorder
Lighting Equipment: Neewer Lights
Sewing Machines: Janome 3160-QDC, Janome HD9 Professional​",Users should understand that the space is designed for learners of all ages and skill levels. Users will need to go over the instructions and tuition before access the technology. Appointment need to be made before accessing technology. Users will also need to hold a library membership ,https://www.cplma.ca/learning-technology/makers-space-studio/
ventureLAB,,,,,,,,,,,,"3600 Steeles Ave. E
Room E171",L3R 9Z7,905-248-2727,hello@venturelab.ca,Industrial,,provides services at no-charge to qualified small and medium-sized enterprises,https://www.venturelab.ca/
STEAM-3D Maker Lab at Ontario Tech University,Community Centre,Appointment Based,Training Offered,Non-specific,No Membership,Free Use,Materials Provided,"Digital Fabrication, Software, A/V Equipment",Public,Non-profit,Oshawa,"11 Simcoe St N. Oshawa, ON",L1G 4R7,N/A,steam3d@ontariotechu.net,Educational,"- 3D Printing
- Arduino UNO
- Augmented and Virtual Reality
- Circuits
- Coding
- Green Screen
- Programmable Robots
- micro:bits",,https://janettehughes.ca/lab/
Isaac Olowolafe Jr. Digital Media Experience Lab TMU,University/College,Class/Workshop Bookable,Training Offered,Students,Membership Needed,Free Use,All Materials Provided,Digital Fabrication,Private,Non-profit,City of Toronto,"341 Yonge St, SLC 308",M5B 1S1,416-979-5000 ext. 553524,dme@torontomu.ca,Educational,"3D Printer, Arduino Uno Clone, Cricut Maker, DJI Wireless Microphone System, Laser Cutter, Sewing Machine, Sony Alpha ZV-E10 Video Camera with 16-50mm PZ Lens, Video/Photo Tripod with Fluid Head, Video Monopod with Fluid Head, Smartphone Tripod Clamp, Yeti Orb Podcasting Microphone",,https://library.torontomu.ca/dmelab/
Experimental Fabrication Studio (XFab) OCAD,University/College,Class/Workshop Only,Training Offered,Students,Membership Needed,Free Use,Materials Provided,Digital Fabrication,Private,Non-profit,City of Toronto,Lower Level of 205 Richmond Street West.,M5V 1V3,416.977.6000,oritza@ocadu.ca,Educational,"Digital Fabrication Equipment:  includes Laser Cutters, 3D printers, a CNC and Other Specialized Equipment. In-person training is required prior to use, Laser Cutting and 3D Printing Training sessions are made available via a Bookings link during the Fall/Winter semesters. CNC and Other specialized equipment can be made available in sessions via email.

Woodshop: equipped with stationary power tools such as; the drill press, a router table, sanders and saws. Hand tools and hand power tools are located in cabinets, ask a technician to access these.

Physical Computing Equipment: available for open use, ask a technician to review safety procedure.

Digital Computing Equipment: in process for later integration into curriculum.","OCAD’s Experimental Fabrication Studio (XFab) provides Speed 100 and Trotec laser cutters (max cut size 24x12 inches, 1/8 inch acrylic thickness), BotFactory for PCB printing, Bantam Tools Desktop CNC Milling Machine (4th axis compatible), and woodshop tools like drill presses, saws, routers, and sanders.",https://www.ocadu.ca/services/studios/experimental-fabrication-studio
Rapid Prototyping Centre OCAD,University/College,Multiple:,None,Students,No Membership,Cost Per Materials Used ,Materials Provided,"Digital Fabrication, Woodwork Machinery, Metalwork Machinery",Private,Non-profit,City of Toronto,100 McCaul St Room 112 ,M5T 2W7,416.977.6000 ext. 2114 ,rpstudio@ocadu.ca,Educational,"FDM 3D printing 
SLA 3D printing
SLS 3D Printing 
Laser Cutting and Engraving 
CNC Milling
3D Scanning
Waterjet Cutting",,https://www.ocadu.ca/services/studios/rapid-prototyping-centre
OCAD 667 STUDIO / Printmaking & Publications,,,,,,,,,,,,100 McCaul Street,M5T 2W7,416.977.6000 ext. 268,esteenbergen@ocadu.ca,,print studio and makerspace,,https://www.stencil.wiki/atlas/667-studio https://www.ocadu.ca/services/studios/printmaking
Material Innovation Centre (MIC) OCAD,University/College,Appointment Based,Training Required,Students,Membership Needed,Free Use,Materials Provided,Digital Fabrication,Private,Non-profit,City of Toronto,100 McCaul St Room 530,M5T 2W7,416.977.6000,kmcouat@ocadu.ca ,Educational,"Colour test machine
Microscopes
Cutting board and grid
Smart board
3D Printer",,https://www.ocadu.ca/academics/faculty-of-design/material-innovation-centre
Idea Lab Humber College - Lakeshore Campus,University/College,Appointment Based,Training Offered,Students,Membership Needed,Free Use,Materials Provided,Digital Fabrication,Public,Non-profit,City of Toronto,"17 Colonel Samuel Smith Park Dr, G Building 3rd floor",M8V 4B6,416-675-5079 ,idealab@humber.ca,Educational,"3D printers
Laser and vinyl cutters
Sewing and embroidery machines
Heat presses
Audio recording studios
Video and photography studios",They offer many workshops to help students learn new skills and achieve their projects.,https://library.humber.ca/idealab
Idea Lab Humber College,University/College,,,,,,,,,,,"205 Humber College Blvd, Etobicoke, 3rd floor",M9W 5L7,416-675-5079 ,idealab@humber.ca,,"3D printers
Laser and vinyl cutters
Sewing and embroidery machines
Heat presses
Audio recording studios
Video and photography studios",,https://library.humber.ca/idealab
Barrett Centre for Technology Innovation Solution Lab,University/College,Appointment Based,None,Specified Other,No Membership,Free Use,Materials Provided,Automated Fabrication,Public,Non-profit,City of Toronto,"205 Humber College Blvd, Etobicoke, 3rd floor",M9W 5L7,"416-675-6622, ext. 5332",askbarrettcti@humber.ca,Educational,"Extraction fan
  Spray Booth",many small makerspaces,https://humber.ca/barrett-centre-for-technology-innovation/impact/space/labs-and-rooms.html
Barrett Centre for Technology Innovation Electronics Room,University/College,Appointment Based,None,Specified Other,No Membership,Free Use,Materials Provided,Microelectronics,Public,Non-profit,City of Toronto,"205 Humber College Blvd, Etobicoke, 3rd floor",M9W 5L7,"416-675-6622, ext. 5332",askbarrettcti@humber.ca,Educational,"DC Electric load                                                           Digital Multimeter                                                       Soldering station
Fume extractor
Function generator
Leakage current tester
Oscilloscope
Variable DC power supply ",many small makerspaces,https://humber.ca/barrett-centre-for-technology-innovation/impact/space/labs-and-rooms.html
Maker Lab at George Brown College School of Design,University/College,Class/Workshop Bookable,Training Offered,Students,No Membership,Free Use,Materials Provided,"Digital Fabrication, Automated Fabrication, Dedicated Computers",Private,Non-profit,City of Toronto,3 Lower Jarvis St.,M5E 3Y5,416.415.5000 ext. 2137 / 416-415-2000,design@georgebrown.ca / josephzettler27@gmail.com / ask.george@georgebrown.ca ,Educational,"3D printers, motion capture suits, iPads, and Wacom tablets, vaccum forming, laser cutting",Only accessible by current students/staff/faculty,https://www.georgebrown.ca/arts-design-information-technology/design/learning-environment
Student Machine Shop,University/College,Class/Workshop Only,Training Required,Students,Membership Needed,Free Use,Materials Provided,"Metalwork Machinery, Woodwork Machinery, Microelectronics, Software",Private,Non-profit,City of Toronto,"McLennan Physical Laboratories, 60 St George St",M5S 1A7,416-978-3533,woitalla@physics.utoronto.ca or studentworkshop@physics.utoronto.ca,Educational,"3D printers
CNC milling machines
Hand tools for machining
Laser cutters
Measurement instruments
Precision cutting tools",,https://www.physics.utoronto.ca/physics-at-uoft/services/plrs/precision-fabrication-services/student-workshop/
Machine Shop - Dept of Chemistry,University/College,Appointment Based,Training Required,Non-specific,No Membership,Cost Per Materials Used ,No Materials Provided,Metalwork Machinery,Private,Profit,City of Toronto,"80 St George Street, Room 53",M5S 3H6,(416) 978-3584,machshop@chem.utoronto.ca,Industrial,"Chamber construction
High vacuum service / repair
Ultra high vaccum service / repair
Welding service","Presented as a contracted service, no outside access",https://www.chemistry.utoronto.ca/technical-services/machine-shop
Daniels Digital Fabrication Lab & Model Workshop,University/College,Appointment Based,Training Offered,Students,No Membership,Cost Per Materials Used ,All Materials Provided,"Woodwork Machinery, Digital Fabrication, Metalwork Machinery, Software, Dedicated Computers, A/V Equipment",Private,Non-profit,City of Toronto,1 Spadina Crescent,M5S 2J5,416-978-5038,undergraduate@daniels.utoronto.ca,Educational,"large three-axis and four-axis CNC, waterjet cutter, three fused deposition modelling rapid-prototyping systems, two large binder-jet full color 3D printers, a monochrome binder-jet 3D printer, a 3D digitizer, a 3D laser scanner, and six laser cutters",,https://www.daniels.utoronto.ca/resources/technology
Machine Shop - Dept of Mechanical & Industrial Eng,University/College,Appointment Based,Training Required,"Students, Researchers",Membership Needed,No Materials,No Materials Provided,"Digital Fabrication, Automated Fabrication, Metalwork Machinery, Woodwork Machinery",Public,Non-profit,City of Toronto,"5 King's College Road, Room MC78",M5S 3G8,416-978-6008 & 416-946-3358 ,ryan@mie.utoronto.ca,Educational,"Student Machine Shop:
Bridgeport Milling Machines
Drill Presses
Hand tools
Hardinge Lathes
FARO arm
Sheet metal sheer, hole punches and bending machines
Milling cutter and Lathe tool bit kits
Vertical Bandsaw and Cutoff Saws
Workbenches and Vices
Laser Cutter

Professional services (with fee):
3D Scanning
Brazing
CMM Arm
CNC Brake Press
CNC Lathe
CNC Milling
CNC Programming
Electro-Discharge Machining (EDM)
Fitting/Assembly
Laser Cutting (Non-metals)
Manual Machining
Optical Comparator
Sandblasting
Surface Grinding
Waterjet Cutting
Welding/Laser welding
Outsourced services:

Anodizing
Cylindrical Grinding
Heat Treatment
Laser Cutting (Metals)
Rolling/Forming
Welding","Student Machine Shop Access (only UoT engineering students):
Available for U of T academic projects and student clubs.
Students must complete a two-day basic machining course at George Brown College and pass U of T’s Site-Specific Training.

Professional Services:
Provides design consultation, precision machining, and prototype assembly for faculty and student research.

Rates: $67.50/hour for MIE faculty and students, $77.50/hour for other U of T departments, and $5/hour for 3D printing (plus material costs).

The makerspace (student machine shop & professional services) serves the U of T community only, excluding work for corporations, alumni, or private individuals.",https://www.mie.utoronto.ca/student-life-services/machine-shop/
MADLab,University/College,Class/Workshop Bookable,Training Offered,Students,No Membership,Free Use,Materials Provided,Software,Public,Non-profit,City of Toronto,"9 King’s College Circle, Room B112",M5S 1A5,,mad.lab@utoronto.ca,Educational,"3D Printing, HTC Vive Virtual Realty Studio (closed since 2020), iLightboard Studio, On-Device Testing","Workshops provided, walk-in is an option but appointments are recommended ",https://mobile.utoronto.ca/
ICUBE UTM,University/College,Class/Workshop Only,Training Offered,Public,Membership Needed,Free Use,No Materials Provided,N/A,Public,Non-profit,Mississauga,"3359 Mississauga Road, Room L1240 & L1212",L5L 1C6,,icube.utm@utoronto.ca,,,,https://icubeutm.ca/contact/
Myhal Centre Fabrication Facility MYFab,University/College,Walk In,Training Required,Specified Other,Membership Needed,Cost Per Materials Used ,Materials Provided,Digital Fabrication,Private,Non-profit,City of Toronto,"55 St George St, Room MY435",M5S 0C9,,myhal.maker@utoronto.ca,Educational,"soft materials (wood, foam, plastics, sheet metal, fabric, etc.), electronics and digital fabrication (3D printing, laser cutting, water jet and CNC routing)",,https://www.engineering.utoronto.ca/myhal-centre-for-engineering-innovation-entrepreneurship/https://www.engineering.utoronto.ca/myhal-centre-for-engineering-innovation-entrepreneurship/
UofT MedPrint,University/College,Multiple:,None,Public,No Membership,Cost Per Materials Used ,Materials Provided,Digital Fabrication,Public,Non-profit,City of Toronto,1 King's College Cir,M5S 1A8,(416) 946-3235,info@uoftmedprint.com,Educational,3D Print,,https://uoftmedprint.wordpress.com/
3D Printing in the Robarts Digital Studio,University/College,Appointment Based,Training Offered,Students,No Membership,Cost Per Materials Used ,All Materials Provided,Digital Fabrication,Private,Non-profit,City of Toronto,"130 St George St, Toronto, First Floor Digital Studio",M5S 1A5,416-978-8450 (Immediate help number),Website inquiry https://onesearch.library.utoronto.ca/question-form,Educational,2 LulzBot TAZ 6 3D printer,,https://onesearch.library.utoronto.ca/faq/3d-printing-robarts-digital-studio
Meadowvale Library,Library,Walk In,Training Offered,Public,No Membership,Cost Per Materials Used ,Materials Provided,Digital Fabrication,Public,Non-profit,Mississauga,6655 Glen Erin Drive,L5N 3L4, (905) 615-4710,merley.wheaton@mississauga.ca,Educational,"Button makers, Digitization equipment and conversion tools, Computers and iMacs equipped with Adobe Creative Cloud and creative software, 3D printer",,https://www.mississauga.ca/recreation-and-sports/locations/burnhamthorpe-community-centre/
Burnhamthorpe Library,Library,Walk In,Training Offered,Public,No Membership,Cost Per Materials Used ,Materials Provided,Dedicated Computers,Public,Non-profit,Mississauga,3650 Dixie Road #101, L4Y 4H5,905-615-3200,Burnhamthorpe.Library@mississauga.ca,Educational,"Sewing machines, Button makers, Cricut machines, Computers and iMacs equipped with Adobe Creative Cloud and creative software, Digitization equipment and conversion tools, 3D printer
",,https://www.mississauga.ca/library/locations/burnhamthorpe-library/